"var","rho_pre_mean","rho_pre_sum","rho_train","rho_test","n"
"emp.4852",0.552991912651286,0.552991912651286,0.948499294818316,0.939772105778788,53
"emp.3159",0.527673969181819,0.527673969181819,0.940525522827246,0.92697219121199,56
"emp.10",0.77852381291874,0.77852381291874,0.923802994261611,0.925455485269622,15205
"emp.4461",0.762117685200463,0.762117685200463,0.905701714457175,0.910665119322407,11179
"emp.446",0.762117685200463,0.762117685200463,0.907482701444694,0.906637550326283,11179
"emp.6212",0.702014396213321,0.702014396213321,0.902096743216777,0.899234608340215,10493
"emp.5221",0.725262535327742,0.725262535327742,0.900353036668311,0.886347319827756,10871
"emp.491",0.719537264892878,0.719537264892878,0.877280447674921,0.883906012283059,15179
"emp.423",0.719173483731298,0.719173483731298,0.878701515699384,0.881735634569581,10953
"emp.5411",0.729990212241292,0.729990212241292,0.885743703881372,0.881440697466365,12207
"emp.4911",0.719537264892878,0.719537264892878,0.878734356052767,0.879953136855456,15179
"emp.4411",0.72872915432601,0.72872915432601,0.889683057437844,0.87919578652868,8490
"emp.1021",0.715196855710632,0.715196855710632,0.869038682789076,0.87905302320842,15195
"emp.4431",0.71255637089565,0.71255637089565,0.875958514815319,0.878323788417826,7176
"emp.5251",0.0481056196155985,0.0481056196155985,0.853471789164736,0.87569162500168,79
"emp.443",0.71255637089565,0.71255637089565,0.877621206956813,0.874426745978488,7176
"emp.4441",0.709845939097319,0.709845939097319,0.886397915150995,0.874359277087059,7743
"emp.42",0.73706099053184,0.73706099053184,0.875520906248947,0.870456760181056,11713
"emp.2382",0.741847781743758,0.741847781743758,0.880882688404639,0.870321515109434,12200
"emp.444",0.691609554738144,0.691609554738144,0.876873566426356,0.869604025141843,12522
"emp.5171",0.741110856455017,0.741110856455017,0.855869360481378,0.869421692640179,3631
"emp.238",0.721208034409794,0.721208034409794,0.870506667727973,0.867326867207792,13172
"emp.8121",0.720434274499744,0.720434274499744,0.856348177868931,0.866909042359526,7800
"emp.6213",0.696329121245689,0.696329121245689,0.868498225008075,0.866353194713797,10331
"emp.5242",0.752234052610408,0.752234052610408,0.858052334837604,0.865365656400835,8089
"emp.532",0.678765950876168,0.678765950876168,0.849892086465458,0.862615369055884,6480
"emp.517",0.724144747102096,0.724144747102096,0.856721145735609,0.861244569786387,6651
"emp.6231",0.721164594047764,0.721164594047764,0.851469090828592,0.857288997053388,5078
"emp.5313",0.695594296247761,0.695594296247761,0.840198930857509,0.857208854531814,6116
"emp.4869",0.478757411611873,0.478757411611873,0.879063138089394,0.854655623724879,51
"emp.4531",0.713517238081815,0.713517238081815,0.844440608267174,0.852093791129931,4448
"emp.447",0.602445728672247,0.602445728672247,0.849317048826783,0.847312375562796,13919
"emp.453",0.689121821199091,0.689121821199091,0.841782756767734,0.84614942094997,11125
"emp.5312",0.681228821465629,0.681228821465629,0.835984072402479,0.845073334129101,7076
"emp.4529",0.687706193384093,0.687706193384093,0.823470212521598,0.842895582848842,6300
"emp.425",0.727558922819,0.727558922819,0.84432903349815,0.841641535430416,7547
"emp.4471",0.602445728672247,0.602445728672247,0.851696465888345,0.841364926270417,13919
"emp.448",0.692284294934946,0.692284294934946,0.851160758454177,0.839961333943062,9023
"emp.5311",0.674503103480066,0.674503103480066,0.840690045094253,0.839455313788307,6684
"emp.102",0.658293995665958,0.658293995665958,0.834047088692283,0.838384368213517,15194
"emp.4251",0.727558922819,0.727558922819,0.846084914664747,0.837351959993927,7547
"emp.4481",0.700010588014296,0.700010588014296,0.838819702044477,0.834943661663184,6662
"emp.3131",-0.536415051323135,-0.536415051323135,0.914906213975361,0.834795478544399,79
"emp.4421",0.633881213325643,0.633881213325643,0.841741769825631,0.833842733315363,4855
"emp.4532",0.670240730159327,0.670240730159327,0.832092838328941,0.833013560344635,5849
"emp.5321",0.640134962344053,0.640134962344053,0.844020119076181,0.832469520525317,3172
"emp.236",0.71233621309156,0.71233621309156,0.845130333459444,0.832440341780272,9884
"emp.2383",0.690162220176721,0.690162220176721,0.844586497178676,0.831042165762373,8351
"emp.2361",0.678297421145496,0.678297421145496,0.819855086520595,0.827691838222954,8751
"emp.4236",0.65881817476355,0.65881817476355,0.824721386963746,0.827032116236287,3966
"emp.4539",0.667818892813894,0.667818892813894,0.8245567195259,0.825245959381686,7054
"emp.424",0.678186270138386,0.678186270138386,0.817668944772715,0.824592433741265,11166
"emp.6111",0.707939480635989,0.707939480635989,0.782929209218606,0.823145039900754,5459
"emp.6215",0.640366733213237,0.640366733213237,0.797115292883539,0.822888335669228,2724
"emp.5616",0.683262891110749,0.683262891110749,0.827274675164679,0.82249258037911,4176
"emp.2381",0.693989855527009,0.693989855527009,0.823941286117402,0.820472289395727,9428
"emp.4234",0.674028104177039,0.674028104177039,0.831786331219447,0.819661239475375,4108
"emp.4483",0.622772817855386,0.622772817855386,0.8326426528159,0.819364706594332,3873
"emp.5223",0.64787194849509,0.64787194849509,0.81003075405733,0.813911339637491,3555
"emp.4237",0.636251633140416,0.636251633140416,0.82465942634595,0.81278969594559,4303
"emp.5322",0.643025325991062,0.643025325991062,0.824132726024944,0.811239400700433,5197
"emp.523",0.697575826847538,0.697575826847538,0.825806619925352,0.810741031270804,5195
"emp.4239",0.66900982250364,0.66900982250364,0.806600965585217,0.808385025729172,5727
"emp.2362",0.675833159888135,0.675833159888135,0.808013135652986,0.806744095941829,7163
"emp.4482",0.62902951796732,0.62902951796732,0.800232814395036,0.806415247728946,3797
"emp.531",0.669206653527633,0.669206653527633,0.824088715063598,0.80638651080665,6127
"emp.551",0.698291301873694,0.698291301873694,0.79036778290256,0.803163150685542,6121
"emp.5231",0.673310424609289,0.673310424609289,0.822659728092439,0.80284336368935,3205
"emp.53",0.681945332502617,0.681945332502617,0.826065368101659,0.801790077245242,8446
"emp.55",0.698291301873694,0.698291301873694,0.791183794080467,0.801266877277643,6121
"emp.8123",0.646042927256921,0.646042927256921,0.809204128650304,0.800609360829469,5084
"emp.512",0.645334676272714,0.645334676272714,0.779864903299149,0.800191198281898,2356
"emp.4533",0.649958592361798,0.649958592361798,0.790075011512471,0.799728310649482,4328
"emp.6216",0.658428681436666,0.658428681436666,0.787310184570816,0.799262288289803,6002
"emp.8114",0.599241811405092,0.599241811405092,0.806415140930778,0.797975711812702,3570
"emp.5511",0.698291301873694,0.698291301873694,0.792653965269965,0.797801843497353,6121
"emp.1142",0.0404752835683094,0.0404752835683094,0.861473335085338,0.797233562051959,60
"emp.5151",0.669462043670452,0.669462043670452,0.765550447734931,0.794350680681241,1517
"emp.515",0.649613447829003,0.649613447829003,0.753204673645152,0.794345572526551,2564
"emp.8112",0.589846621508612,0.589846621508612,0.778388154980338,0.79156855978894,2999
"emp.8129",0.682867794466842,0.682867794466842,0.820313536521552,0.791401186733053,3897
"emp.4244",0.647706723291305,0.647706723291305,0.777784976737749,0.788126590322579,5407
"emp.2213",0.680608850267475,0.680608850267475,0.765149664535103,0.787164677914448,2332
"emp.2212",0.690809520919348,0.690809520919348,0.795843074548464,0.787103246220158,370
"emp.2389",0.652336379402039,0.652336379402039,0.796813047400286,0.786174743625164,10047
"emp.5619",0.668321410747477,0.668321410747477,0.775493478406979,0.786073347667938,3562
"emp.5412",0.628820545681252,0.628820545681252,0.780268383043731,0.785100833331653,10762
"emp.4452",0.62901522106565,0.62901522106565,0.793749669810924,0.784486642372511,4011
"emp.6233",0.565991459715877,0.565991459715877,0.785432646369106,0.783256306281918,4515
"emp.484",0.637253202972826,0.637253202972826,0.778992190973098,0.782018319094436,11975
"emp.811",0.626591643862021,0.626591643862021,0.74685147204199,0.781453213087932,11454
"emp.5614",0.589864383600647,0.589864383600647,0.778450687107604,0.778134391318097,4338
"emp.5121",0.668939822104208,0.668939822104208,0.790135571405607,0.777202499695937,1494
"emp.492",0.616045412239037,0.616045412239037,0.785230157986683,0.774376197362747,3371
"emp.4231",0.611777380904667,0.611777380904667,0.768430083298963,0.772749694409258,4964
"emp.441",0.621370052479106,0.621370052479106,0.771123468775673,0.772720437891783,13058
"emp.5111",0.710410287444282,0.710410287444282,0.796720365733702,0.77264629649269,2835
"emp.6242",0.677291891971227,0.677291891971227,0.757911285536851,0.771939082457392,2115
"emp.4453",0.674137489150618,0.674137489150618,0.774696081784928,0.770716493399019,3943
"emp.5416",0.651926283247908,0.651926283247908,0.771488182912317,0.769233154219564,8430
"emp.5239",0.622197038975744,0.622197038975744,0.774795951337466,0.768623210420191,3104
"emp.5414",0.644028912309878,0.644028912309878,0.80483046208562,0.766391740640711,2811
"emp.4233",0.601207335529898,0.601207335529898,0.783258334796561,0.766259440001958,3765
"emp.6244",0.647435160271835,0.647435160271835,0.770340377789224,0.765766289821118,7791
"emp.8139",0.643879628099874,0.643879628099874,0.777068120389964,0.765274500928846,6600
"emp.4884",0.573265331998924,0.573265331998924,0.744999886781553,0.764794965180114,2523
"emp.4238",0.627202963234639,0.627202963234639,0.777203125111578,0.764377316406691,9015
"emp.8111",0.613480718749892,0.613480718749892,0.744466159595564,0.764279784968816,9240
"emp.7224",0.676019995532383,0.676019995532383,0.789442376655371,0.763157428612219,4484
"emp.8141",0.614800290362872,0.614800290362872,0.74750076385718,0.759448942158248,9929
"emp.454",0.62793261132841,0.62793261132841,0.753101382621837,0.758028275234766,7251
"emp.3361",0.491835455703434,0.491835455703434,0.932447667799893,0.75746860341855,51
"emp.814",0.614800290362872,0.614800290362872,0.749203961295229,0.756741988006301,9929
"emp.2373",0.63589329555371,0.63589329555371,0.737706526436876,0.754025105829382,1940
"emp.7223",0.620077783555275,0.620077783555275,0.744253181257396,0.750334036890159,4002
"emp.6219",0.618086398092198,0.618086398092198,0.755321816223027,0.749633949682941,2416
"emp.5617",0.640238797033629,0.640238797033629,0.752267508642161,0.748695795725723,8063
"emp.5611",0.602332679788571,0.602332679788571,0.747624843153491,0.748461313990695,4750
"emp.4841",0.63164537447919,0.63164537447919,0.748209142571146,0.744925692116673,9465
"emp.4241",0.596183271159021,0.596183271159021,0.754326117427368,0.742622225898285,1942
"emp.2121",-0.38326822774709,-0.38326822774709,0.689610056388239,0.740706794680959,176
"emp.4854",0.581170617371384,0.581170617371384,0.701122208811599,0.739121774451626,1139
"emp.511",0.653187291656051,0.653187291656051,0.776703158065246,0.737998611871675,4668
"emp.5629",0.648363777683687,0.648363777683687,0.762904701965656,0.737962257765283,2358
"emp.4921",0.593782962386204,0.593782962386204,0.739595718461671,0.737707156549201,1847
"emp.5613",0.626057181400795,0.626057181400795,0.742899840838219,0.735792740517899,4493
"emp.4413",0.621945021132648,0.621945021132648,0.744443414434624,0.734295030659502,8028
"emp.442",0.641747271409626,0.641747271409626,0.765541137135147,0.73259596019779,7824
"emp.3273",0.540440630525696,0.540440630525696,0.725176888959841,0.731144912052998,2933
"emp.623",0.484733012701091,0.484733012701091,0.718706867270941,0.730619640581591,6663
"emp.6114",0.5847839047158,0.5847839047158,0.708696657952611,0.730302083408361,1310
"emp.4885",0.579352219755965,0.579352219755965,0.721578797432841,0.73018039446763,2374
"emp.6115",0.547990275324287,0.547990275324287,0.729340832968583,0.72961372743827,1949
"emp.5172",0.509107407932026,0.509107407932026,0.721110522469908,0.7222782231671,1157
"emp.92",0.590044795241691,0.590044795241691,0.712672280227606,0.722183000150021,14468
"emp.1028",0.590044795241691,0.590044795241691,0.713685106903119,0.721055645586898,14468
"emp.1013",0.56927441357414,0.56927441357414,0.729014962365114,0.720922617569916,13512
"emp.4543",0.510532864497,0.510532864497,0.675043505323175,0.719422941324706,3833
"emp.4442",0.513450871978069,0.513450871978069,0.709522958705426,0.719082666750866,6849
"emp.8113",0.584559684283307,0.584559684283307,0.733519559907088,0.717222050100829,6115
"emp.4232",0.559611255462727,0.559611255462727,0.708665691460803,0.716181158489763,1646
"emp.4512",0.570790364873482,0.570790364873482,0.735306148538733,0.715241456475258,2703
"emp.3118",0.586129249532366,0.586129249532366,0.716757567408418,0.714906461782872,2722
"emp.5621",0.58685633398172,0.58685633398172,0.678805393061721,0.714832748010484,2467
"emp.5418",0.577834993995064,0.577834993995064,0.726443922463496,0.713859769587773,3813
"emp.4842",0.613031511607574,0.613031511607574,0.73552086062465,0.713212770815375,9474
"emp.5415",0.59142771246968,0.59142771246968,0.677481751705629,0.71150039301689,6162
"emp.3346",-0.0946713151839354,-0.0946713151839354,0.781720005307509,0.710497594503901,137
"emp.4412",0.486200470166005,0.486200470166005,0.707590957821197,0.709142782033183,4985
"emp.4511",0.585992397416677,0.585992397416677,0.711258196044,0.70828430143286,4223
"emp.4246",0.607538986973782,0.607538986973782,0.749479437180142,0.706661256594039,3076
"emp.813",0.540526458864324,0.540526458864324,0.680463659587215,0.704395216610711,8671
"emp.332",0.576088311793239,0.576088311793239,0.706806340610857,0.701378500332272,8691
"emp.711",0.563347088094519,0.563347088094519,0.724549518846423,0.699186022884275,2248
"emp.812",0.543500980072517,0.543500980072517,0.650841384850311,0.697273379964857,9420
"emp.4248",0.484603854963064,0.484603854963064,0.69870488168015,0.696833288076026,1407
"emp.237",0.572301322319372,0.572301322319372,0.691102267888137,0.69631694576187,4219
"emp.339",0.555295636688845,0.555295636688845,0.704713566787249,0.696256465821235,4998
"emp.8134",0.602200491074393,0.602200491074393,0.71045961793073,0.695369484883199,5439
"emp.4922",0.529325279032268,0.529325279032268,0.715173955784623,0.691507701261312,1746
"emp.5323",0.52417276582704,0.52417276582704,0.693732328680442,0.68971785562442,1272
"emp.4859",0.525342539967543,0.525342539967543,0.624497490126342,0.686792047545884,1036
"emp.518",0.562154554442508,0.562154554442508,0.701451886366705,0.686778569778045,1606
"emp.2371",0.574467274280272,0.574467274280272,0.711045882633296,0.686101678700314,5619
"emp.327",0.524437687136547,0.524437687136547,0.674982944967784,0.683596939561835,5485
"emp.9261",0.570056231848849,0.570056231848849,0.670390025859223,0.68355416062589,11040
"emp.451",0.578649148949038,0.578649148949038,0.728174082759481,0.682915351466507,7306
"emp.4811",0.432889548974242,0.432889548974242,0.646863940269724,0.681770010788726,429
"emp.4242",0.57677812048303,0.57677812048303,0.706250286852649,0.681741071946982,1741
"emp.562",0.598792622006866,0.598792622006866,0.706591695191578,0.67958030160676,4542
"emp.3399",0.572037656714777,0.572037656714777,0.73673321576318,0.676290523477353,2885
"emp.323",0.574847615364504,0.574847615364504,0.69318854991838,0.67530056053523,5393
"emp.4422",0.586425384063249,0.586425384063249,0.69900596711549,0.674682416827882,4579
"emp.7131",0.253480905097492,0.253480905097492,0.610170193535381,0.674323723438835,570
"emp.452",0.52921097618958,0.52921097618958,0.63860964178682,0.672756317777369,10533
"emp.8132",0.581916530607931,0.581916530607931,0.694767296369406,0.672721602620296,2061
"emp.524",0.560726687919499,0.560726687919499,0.670668788612451,0.67040900912963,9079
"emp.5182",0.562154554442508,0.562154554442508,0.707051067581933,0.669923342310061,1606
"emp.7113",0.511068136623708,0.511068136623708,0.621893209299512,0.668659663236623,1315
"emp.926",0.570056231848849,0.570056231848849,0.676794894267359,0.668161380284728,11040
"emp.4541",0.5315501956869,0.5315501956869,0.694175032588042,0.668156232107994,2367
"emp.2379",0.552428419269504,0.552428419269504,0.691109492861823,0.666786265972052,1602
"emp.4872",0.519606753190319,0.519606753190319,0.77577210679144,0.66302726073945,208
"emp.6117",0.573457402730599,0.573457402730599,0.678079783945684,0.662054520706831,1535
"emp.1012",0.531906462048884,0.531906462048884,0.629805798959254,0.660546657542623,6484
"emp.4235",0.516108367863755,0.516108367863755,0.670188045699857,0.660306966683303,2089
"emp.3323",0.444565038468158,0.444565038468158,0.658509111725582,0.658217768754004,4138
"emp.3231",0.574847615364504,0.574847615364504,0.69953843915234,0.657379343661253,5393
"emp.7225",0.548597985604279,0.548597985604279,0.631894425152063,0.655594824814594,10740
"emp.7112",0.527344740971832,0.527344740971832,0.622364314044617,0.654495870463735,1335
"emp.722",0.538019610763502,0.538019610763502,0.624506647313522,0.65405523348671,11442
"emp.7111",0.542283171523638,0.542283171523638,0.661791179094016,0.651480974366849,1704
"emp.221",0.570634448699804,0.570634448699804,0.637331949094574,0.650777914589509,4430
"emp.5324",0.49403773074471,0.49403773074471,0.685161568710946,0.650109891641467,2749
"emp.8122",0.545364376273239,0.545364376273239,0.638123390667331,0.646050362685695,6442
"emp.3274",-0.714032247493642,-0.714032247493642,0.946589980868528,0.645868464596196,73
"emp.6214",0.491009429790788,0.491009429790788,0.644287566182357,0.645485789284209,4637
"emp.4451",0.563070379396002,0.563070379396002,0.667839635992937,0.644755989323998,9041
"emp.4243",0.558575499796326,0.558575499796326,0.647235736485348,0.643023375182817,1437
"emp.7115",0.536608967336795,0.536608967336795,0.686173966919668,0.641116695559835,1918
"emp.22",0.570634448699804,0.570634448699804,0.64095672506702,0.640978152516386,4430
"emp.445",0.566475503820954,0.566475503820954,0.66774626631463,0.639053043615994,11493
"emp.3221",-0.232082827788405,-0.232082827788405,0.832665008363174,0.637776152307811,104
"emp.481",0.444150052102171,0.444150052102171,0.627642561162287,0.637595530863958,1103
"emp.4249",0.529247729124728,0.529247729124728,0.647216040491899,0.635132170405024,7110
"emp.6239",0.504129492399089,0.504129492399089,0.651225209040941,0.624350194305047,1282
"emp.311",0.444939329347714,0.444939329347714,0.602957527082776,0.621891948738158,6293
"emp.23",0.531906462048884,0.531906462048884,0.646778019571986,0.621213698466622,6484
"emp.6232",0.444164923210177,0.444164923210177,0.645646179843912,0.619017099502555,2437
"emp.3391",0.447993926528167,0.447993926528167,0.670150579661811,0.614446393177035,2461
"emp.6116",0.524865581525921,0.524865581525921,0.606163744368095,0.61239239384842,4340
"emp.334",0.387929397728352,0.387929397728352,0.611840887168628,0.609498467398459,2548
"emp.485",0.526376757138802,0.526376757138802,0.654130525844412,0.608954579471965,2232
"emp.2372",0.371246208610974,0.371246208610974,0.576757349982539,0.608795286272049,1217
"emp.5179",0.494167315839333,0.494167315839333,0.670850959252241,0.603605752515826,827
"emp.4542",0.453933973825879,0.453933973825879,0.643928795051174,0.601391125765596,1267
"emp.4247",0.487716138067175,0.487716138067175,0.635867189685124,0.600722332295777,2988
"emp.4832",0.124196696775064,0.124196696775064,0.658229286254257,0.597284337167668,147
"emp.4853",0.539347413836328,0.539347413836328,0.664313798188856,0.596984353576864,1457
"emp.5174",-0.00500184481661312,-0.00500184481661312,0.670783859588414,0.595953301166175,122
"emp.6112",0.373978077287597,0.373978077287597,0.808664654065152,0.595576766705069,275
"emp.333",0.486285948311489,0.486285948311489,0.611521658146503,0.593872783248693,6008
"emp.7211",0.524752428885322,0.524752428885322,0.62921854286942,0.592012029868482,5897
"emp.923",0.506881255683897,0.506881255683897,0.57610743641181,0.5896252824958,6706
"emp.325",0.54158670496206,0.54158670496206,0.59763030305199,0.587641118413326,3894
"emp.5622",0.502524447066273,0.502524447066273,0.644291497023805,0.587242258087858,958
"emp.6223",0.338202951910216,0.338202951910216,0.631034597815274,0.586626169179533,207
"emp.5241",0.479971325988279,0.479971325988279,0.577286561772321,0.586114298746736,4119
"emp.3327",0.497190299479884,0.497190299479884,0.613425317832145,0.583980012078662,5164
"emp.7114",0.425493003538566,0.425493003538566,0.555404920485076,0.583562916460869,529
"emp.72",0.468925961247257,0.468925961247257,0.570293791150383,0.582846450331869,10441
"emp.3255",0.398725786057712,0.398725786057712,0.566041465331216,0.580052700697368,644
"emp.493",0.484259062491454,0.484259062491454,0.552507002218288,0.579876945275228,3125
"emp.4855",0.3046730014097,0.3046730014097,0.520629380669028,0.579077461147193,329
"emp.1131",0.11571011366699,0.11571011366699,0.686775356051471,0.577565733609061,146
"emp.1125",-0.139375489364399,-0.139375489364399,0.68872923492903,0.577094587534728,163
"emp.8133",0.498970397396497,0.498970397396497,0.646637205778386,0.576685719300664,2647
"emp.928",0.456942343477533,0.456942343477533,0.575154542688007,0.576413877865556,5470
"emp.3328",0.349767439382668,0.349767439382668,0.499431556069962,0.573688467523085,1784
"emp.4851",0.567664105496547,0.567664105496547,0.885690106731432,0.57262706757897,105
"emp.5615",0.467827484632887,0.467827484632887,0.543103622358038,0.572620143670044,2511
"emp.9251",0.461846231308249,0.461846231308249,0.473652699808423,0.572070401816327,1310
"emp.3365",0.0431839690043035,0.0431839690043035,0.867585652606467,0.56701126558831,65
"emp.9231",0.506881255683897,0.506881255683897,0.585686865115435,0.566350549014166,6706
"emp.721",0.489201436720999,0.489201436720999,0.584951712770245,0.566254494269811,9067
"emp.9281",0.456942343477533,0.456942343477533,0.581697363078256,0.56207829656605,5470
"emp.3334",0.290453434778101,0.290453434778101,0.586648189823968,0.560222531750468,623
"emp.5419",0.484675879275367,0.484675879275367,0.595489984433433,0.550589915307504,9472
"emp.4931",0.484259062491454,0.484259062491454,0.567649903923126,0.550002815658323,3125
"emp.3326",0.240850428440057,0.240850428440057,0.62964507055884,0.548694500692593,396
"emp.3315",0.163076767054391,0.163076767054391,0.396389109772756,0.546064431805078,500
"emp.7139",0.467825450010459,0.467825450010459,0.571148688219992,0.544500690449499,4672
"emp.3114",-0.1110910787345,-0.1110910787345,0.554739263241192,0.54182541946406,556
"emp.5112",0.418916126877201,0.418916126877201,0.595407272085333,0.539533311916865,1596
"emp.3261",0.442162265605844,0.442162265605844,0.558397393420866,0.538387687716565,1832
"emp.713",0.453634509224268,0.453634509224268,0.568169156290099,0.537589191074772,5118
"emp.3149",0.420352040715535,0.420352040715535,0.528228585093324,0.537135475948098,1077
"emp.624",0.433652631171883,0.433652631171883,0.554312310391168,0.536242984627948,4664
"emp.3379",0.0356072410418428,0.0356072410418428,0.687784088292629,0.534218041160373,250
"emp.2111",0.358844302124295,0.358844302124295,0.587794182569202,0.533698742263057,1209
"emp.3345",0.308312584391851,0.308312584391851,0.588039618093625,0.528612883795367,1406
"emp.5331",0.473896641992628,0.473896641992628,0.599584101305524,0.526963003875622,798
"emp.3353",0.279831992343381,0.279831992343381,0.498498122129406,0.519003958927499,734
"emp.3351",0.338536406969818,0.338536406969818,0.59458794808957,0.518431646441885,254
"emp.1141",-0.0562433274680654,-0.0562433274680654,0.609810384263347,0.516752535387017,172
"emp.3279",0.286483834272237,0.286483834272237,0.539779014133808,0.515341212317816,1192
"emp.5259",0.37860067312912,0.37860067312912,0.489727767839118,0.513902300068309,244
"emp.3132",-0.406453906167242,-0.406453906167242,0.679532612076101,0.513423837852159,255
"emp.533",0.473896641992628,0.473896641992628,0.606507696181032,0.506983525783663,798
"emp.312",0.422499703104771,0.422499703104771,0.56959703296208,0.505316010127041,2015
"emp.337",0.444316347304147,0.444316347304147,0.550909328346566,0.505046889035489,4702
"emp.3342",0.178809212227974,0.178809212227974,0.471845489563516,0.504233135937942,531
"emp.3339",0.394480337463803,0.394480337463803,0.519123464173781,0.504128340719788,1939
"emp.3333",0.25787498752226,0.25787498752226,0.520869856659635,0.503841258277381,727
"emp.326",0.355308709889655,0.355308709889655,0.484714231078519,0.502730676165507,3899
"emp.6241",0.440490124425037,0.440490124425037,0.55300220716722,0.502543972984891,4558
"emp.3335",0.345866192489237,0.345866192489237,0.513392405378543,0.502251363273808,2286
"emp.6222",0.429655522655038,0.429655522655038,0.520732501891756,0.500447880317099,198
"emp.4812",0.26548636265393,0.26548636265393,0.583366640909163,0.498531107257007,596
"emp.4889",0.377032264513102,0.377032264513102,0.610145543273853,0.497704414485419,511
"emp.4831",0.00580176686982306,0.00580176686982306,0.485250289007349,0.497049522842854,170
"emp.6211",0.45669180580479,0.45669180580479,0.534448370101483,0.496707309859922,10060
"emp.3371",0.43886097462849,0.43886097462849,0.569863924297537,0.49474417515005,2536
"emp.4861",0.537887653378058,0.537887653378058,0.869569242583351,0.492855665366534,67
"emp.6113",0.419441398987053,0.419441398987053,0.569764613600811,0.492271659856402,424
"emp.8131",0.415553605192094,0.415553605192094,0.529084458596503,0.49181452482024,2179
"emp.3113",0.459197390980382,0.459197390980382,0.541359842227908,0.491530746373836,612
"emp.1011",0.200570086007728,0.200570086007728,0.516533028534195,0.490557410428933,13247
"emp.2211",0.455617434435841,0.455617434435841,0.504189746346254,0.490146196407407,1803
"emp.211",0.358844302124295,0.358844302124295,0.598716691441191,0.488103734344087,1209
"emp.3332",0.245684205091169,0.245684205091169,0.516369708462176,0.487335010179695,1245
"emp.1123",0.0291421805649317,0.0291421805649317,0.660439967357558,0.484707749145705,453
"emp.5417",0.362533524134652,0.362533524134652,0.472721926319672,0.483460241782546,2432
"emp.3251",0.190699736708699,0.190699736708699,0.484147304986477,0.482466066946157,930
"emp.5122",0.336809631890474,0.336809631890474,0.542139942098456,0.47930120784543,736
"emp.1022",0.398956951493368,0.398956951493368,0.450222008250863,0.477365839103706,5774
"emp.3364",0.229308821203131,0.229308821203131,0.479934355179833,0.476817953029835,472
"emp.2123",0.306714291335303,0.306714291335303,0.437124981253483,0.476625049193734,1514
"emp.3253",0.222626930607162,0.222626930607162,0.514481023125112,0.475775240398675,209
"emp.925",0.461846231308249,0.461846231308249,0.51609244097073,0.475708797799637,1310
"emp.4881",0.389296642343336,0.389296642343336,0.480090940867041,0.474329609820354,1376
"emp.4883",0.288273900202668,0.288273900202668,0.538032012034153,0.472962588191006,541
"emp.322",0.257528670538195,0.257528670538195,0.408888887671218,0.4661552589139,1821
"emp.5191",0.412427048750173,0.412427048750173,0.488831711707641,0.465092100319126,2456
"emp.314",0.342528880885898,0.342528880885898,0.451526365212929,0.463338620065121,2247
"emp.3344",0.140582217259441,0.140582217259441,0.509013617039006,0.460065670730126,1017
"emp.561",0.391782143950804,0.391782143950804,0.44891451802175,0.458950194212641,4884
"emp.6243",0.438428135710362,0.438428135710362,0.506036937154343,0.458192418555768,1421
"emp.487",0.363724836569437,0.363724836569437,0.565831702524878,0.457692447077998,536
"emp.3324",0.064118802164365,0.064118802164365,0.464163901229459,0.457394560964384,697
"emp.488",0.426352758984446,0.426352758984446,0.485225251391184,0.456664315298766,3725
"emp.3329",0.345602002936246,0.345602002936246,0.476692586610918,0.455135545839789,1920
"emp.3322",0.261506481185454,0.261506481185454,0.511768862268948,0.454999231837941,308
"emp.335",0.3559211604421,0.3559211604421,0.497820349770549,0.454990709559616,1961
"emp.3314",-0.154467173561272,-0.154467173561272,0.477033856945291,0.452766036211417,250
"emp.3222",0.250964950624709,0.250964950624709,0.504144946187037,0.452414810588548,1063
"emp.4521",0.333510014081606,0.333510014081606,0.410193572571617,0.450746075300944,4154
"emp.3219",0.231947132563197,0.231947132563197,0.41874448756143,0.449432229801653,2263
"emp.51",0.398956951493368,0.398956951493368,0.46562586304009,0.444605870769755,5774
"emp.3121",0.372322259428915,0.372322259428915,0.542954696854661,0.442840153766779,1743
"emp.81",0.268988893782103,0.268988893782103,0.444902858248507,0.441214119403567,9567
"emp.213",0.202777134747105,0.202777134747105,0.432340944946097,0.43942551845077,2393
"emp.3272",-0.051592405354225,-0.051592405354225,0.410639688976068,0.438858790896101,425
"emp.3256",0.355338423656023,0.355338423656023,0.463159420325999,0.437897901794783,806
"emp.519",0.412427048750173,0.412427048750173,0.500496067843675,0.435014538170332,2456
"emp.3359",0.0187208274532467,0.0187208274532467,0.51659574051012,0.432712819137918,627
"emp.56",0.359297370234031,0.359297370234031,0.447557605857324,0.432076352858448,6225
"emp.6221",0.361590456043472,0.361590456043472,0.504462139060301,0.4314737000883,1729
"emp.3331",0.278329716181027,0.278329716181027,0.445784030051408,0.430610692272301,1022
"emp.313",-0.223561504522059,-0.223561504522059,0.381422013060722,0.430229982379495,961
"emp.324",0.172015118680374,0.172015118680374,0.435386941489678,0.42824510040328,587
"emp.3241",0.172015118680374,0.172015118680374,0.452500906997159,0.424728808388187,587
"emp.1027",0.268988893782103,0.268988893782103,0.452531921105857,0.420887652100126,9567
"emp.9241",0.279908299956607,0.279908299956607,0.454815712613211,0.419183583442211,12332
"emp.3313",-0.170063797523979,-0.170063797523979,0.809808263843739,0.418459508923751,104
"emp.3119",0.379925655299691,0.379925655299691,0.534510974829162,0.41705970403785,1074
"emp.101",0.31205996940032,0.31205996940032,0.416264996058165,0.412193075874319,7137
"emp.2131",0.202777134747105,0.202777134747105,0.438390329320206,0.411605645962853,2393
"emp.622",0.332330326083046,0.332330326083046,0.45335298905449,0.410051795073807,2173
"emp.525",0.322776848255586,0.322776848255586,0.486630191086689,0.409963414691185,265
"emp.3311",0.0179228185434679,0.0179228185434679,0.604877915643444,0.409114817086313,184
"emp.5152",0.283471896407904,0.283471896407904,0.615391231681012,0.407495880649954,195
"emp.3259",0.277969455030129,0.277969455030129,0.442594667472298,0.40738388183673,868
"emp.924",0.279908299956607,0.279908299956607,0.460716442362171,0.40202495445871,12332
"emp.3372",0.350016417204967,0.350016417204967,0.504936633042412,0.401497368637983,770
"emp.5413",0.388752329891309,0.388752329891309,0.454402153354477,0.401125420671138,8601
"emp.486",0.382337687063009,0.382337687063009,0.486060172168006,0.400413834291381,728
"emp.1151",0.150758327591408,0.150758327591408,0.390728285854422,0.399309230858955,1839
"emp.3366",0.152543936105255,0.152543936105255,0.41505485137124,0.398452972541828,434
"emp.21",0.127413966114653,0.127413966114653,0.416327109626732,0.398144999500506,5474
"emp.3321",0.194310535283249,0.194310535283249,0.460989480093153,0.3884897031623,782
"emp.3336",0.216744725412766,0.216744725412766,0.527765436027904,0.387976060711178,285
"emp.3211",-0.237965756773196,-0.237965756773196,0.468268693326558,0.386667843666379,876
"emp.3341",-0.014685046449621,-0.014685046449621,0.474504083626091,0.386400912066376,296
"emp.3252",0.0179057472163945,0.0179057472163945,0.518209724886827,0.384707311191302,494
"emp.11",0.226538628761833,0.226538628761833,0.375588662440987,0.383291869131141,7785
"emp.5612",0.26422648159847,0.26422648159847,0.431351538843441,0.380859098348796,1048
"emp.1114",0.196080926006571,0.196080926006571,0.43132585572644,0.379568398878245,2165
"emp.315",0.230975399926303,0.230975399926303,0.346121321138949,0.377680570591039,1017
"emp.3152",0.33586100893062,0.33586100893062,0.544280677764577,0.373371631783865,500
"emp.3212",-0.0414999968764672,-0.0414999968764672,0.477343052798445,0.373232011970093,219
"emp.111",0.247172483663071,0.247172483663071,0.397783787230416,0.371211827803131,8025
"emp.3133",-0.183610167837553,-0.183610167837553,0.476260808585781,0.369706863113561,267
"emp.3312",0.0979363064252576,0.0979363064252576,0.602608745986234,0.369599339771208,292
"emp.1121",0.0455298261424468,0.0455298261424468,0.374133093556092,0.365070792610598,3440
"emp.4882",0.396008708983398,0.396008708983398,0.578323460904047,0.361895977567138,345
"emp.1113",-0.131315102251309,-0.131315102251309,0.432962497576561,0.361290308516988,1070
"emp.3369",0.112382310731399,0.112382310731399,0.591215525829288,0.358992493908356,182
"emp.336",0.295879696811897,0.295879696811897,0.392785712168485,0.358453947736167,3638
"emp.3117",0.0778789352182798,0.0778789352182798,0.438600126288534,0.352312205432821,190
"emp.321",0.198271739964913,0.198271739964913,0.313067018086976,0.351323001243053,5985
"emp.5222",0.315811042279972,0.315811042279972,0.359722054286382,0.351197869256641,6127
"emp.3262",0.0161189226956695,0.0161189226956695,0.435027632566097,0.350072249762109,652
"emp.9221",0.293964786785392,0.293964786785392,0.344348457357108,0.345875709439231,6801
"emp.71",0.245991136992326,0.245991136992326,0.344633042142574,0.344892452451736,6842
"emp.922",0.293964786785392,0.293964786785392,0.346434503834757,0.338843223311567,6801
"emp.1026",0.112463639356278,0.112463639356278,0.332148686757923,0.338551563550237,9344
"emp.483",0.252990144029985,0.252990144029985,0.382929605603897,0.337079148325244,488
"emp.7213",0.104927180578143,0.104927180578143,0.412855981245509,0.330186661730027,437
"emp.3116",0.265366701969505,0.265366701969505,0.342471254367628,0.326747184412824,993
"emp.331",0.121750903405089,0.121750903405089,0.373905124412268,0.324077097431428,1838
"emp.3254",0.231883383715656,0.231883383715656,0.49427553373571,0.323698378425177,759
"emp.61",0.206613711754444,0.206613711754444,0.273369717848141,0.323620707960696,3269
"emp.1153",0.0636786222344574,0.0636786222344574,0.40107678161023,0.320960887668455,357
"emp.115",0.110978796694495,0.110978796694495,0.292584016465162,0.317320489232583,4155
"emp.3363",-0.0360725866246393,-0.0360725866246393,0.329858658052219,0.316967461435895,1497
"emp.62",0.2762581199191,0.2762581199191,0.30181659652457,0.308282258079046,5592
"emp.212",0.120947036449463,0.120947036449463,0.312279828399393,0.305315250800745,1979
"emp.1133",-0.228104042994373,-0.228104042994373,0.318875048210717,0.299203549989459,2002
"emp.1129",0.187590502629861,0.187590502629861,0.333610313809943,0.297392020533423,742
"emp.921",-0.0661311011265525,-0.0661311011265525,0.284123323917245,0.295933166439617,8488
"emp.112",-0.0116051913607415,-0.0116051913607415,0.286175193749029,0.28376014339132,6710
"emp.54",0.205283886443278,0.205283886443278,0.25993745746604,0.279616233835295,10429
"emp.621",0.231091616139876,0.231091616139876,0.287588803565973,0.275753740143474,8451
"emp.9211",-0.0661311011265525,-0.0661311011265525,0.293618135758936,0.275591451142828,8488
"emp.113",-0.206054964002829,-0.206054964002829,0.314637145670262,0.274838043510501,3149
"emp.712",0.232994175719455,0.232994175719455,0.275927305707179,0.269615859609954,2275
"emp.1112",-0.0275490084327302,-0.0275490084327302,0.427779788530337,0.267152848277139,989
"emp.3141",0.185152199642447,0.185152199642447,0.316608388102743,0.259152233628471,542
"emp.927",0.172129818516635,0.172129818516635,0.389609535978238,0.257553045258388,174
"emp.4245",-0.0379637129629829,-0.0379637129629829,0.331383947002356,0.253745126897822,2463
"emp.541",0.205283886443278,0.205283886443278,0.274111357125157,0.24599531513867,10429
"emp.1119",-0.0214339064461172,-0.0214339064461172,0.269752294715977,0.241972008020312,1979
"emp.1152",0.137497471601641,0.137497471601641,0.311595655711654,0.240846624061252,1094
"emp.7132",0.123329680201228,0.123329680201228,0.320875506731534,0.226235405783771,668
"emp.316",0.112284113074959,0.112284113074959,0.378516446221793,0.218002331661124,304
"emp.522",0.161797568048689,0.161797568048689,0.213088369104497,0.214644952482718,13056
"emp.7121",0.232994175719455,0.232994175719455,0.295467968551748,0.211427447330401,2275
"emp.1024",0.115841174776458,0.115841174776458,0.198066029580947,0.203456992869651,10261
"emp.611",0.206613711754444,0.206613711754444,0.3362500491662,0.202761927052071,3269
"emp.7212",0.00873096843007738,0.00873096843007738,0.211761668361496,0.200780053652412,1657
"emp.3169",0.0945159524070026,0.0945159524070026,0.618588506003432,0.199939071778244,115
"emp.3115",0.019077936094126,0.019077936094126,0.44344700845853,0.192612245022383,627
"emp.1023",0.0856921836338408,0.0856921836338408,0.202073080964356,0.192468025035449,11047
"emp.3271",0.0273735804730348,0.0273735804730348,0.433973961158322,0.192215924269284,321
"emp.1025",0.190833942874215,0.190833942874215,0.239199992095239,0.18212843260689,7084
"emp.52",0.120448823524477,0.120448823524477,0.196282579287827,0.180854092864257,12879
"emp.1111",-0.0287889392645205,-0.0287889392645205,0.268252686285864,0.180215030560762,2960
"emp.114",-0.0299546189418198,-0.0299546189418198,0.420335042093855,0.166140254917214,277
"emp.3111",0.0655468338763404,0.0655468338763404,0.445661768219452,0.160060790755245,597
"emp.3362",-0.0274892921972278,-0.0274892921972278,0.340940167875836,0.13824292424758,521
"emp.4862",0.5368383287974,0.5368383287974,0.728823592433321,0.13364181768638,251
"emp.3325",0.150009280618158,0.150009280618158,0.702308481511587,0.131513244167252,152
"emp.9271",0.172129818516635,0.172129818516635,0.466635290041415,0.117377283740768,174
"emp.1132",-0.936825585983378,-0.936825585983378,1,0.116381854523572,12
"emp.3112",0.179396489323289,0.179396489323289,0.579332442903717,-0.0297486930212425,214
